lap,time,accumulated_time,ave_heart_rate,max_heart_rate,ave_pitch,ave_grond,right_GCT,left_GCT,ave_stride,ave_vertical_motion,ave_Vertical_movement_ratio,calorie,high_pace,high_pitch,ave_move_pace,height,weight,VO2Max
1.0,274.7,274.0,138.0,155.0,171.0,209.0,57.7,42.3,1.23,8.8,7.1,47.0,247.0,174.0,273.0,177.0,60.0,62.0
2.0,282.7,557.0,146.0,154.0,172.0,215.0,58.7,41.3,1.22,8.4,6.6,52.0,273.0,177.0,283.0,177.0,60.0,62.0
3.0,293.5,851.0,154.0,159.0,173.0,214.0,58.2,41.8,1.17,8.1,6.7,58.0,271.0,179.0,293.0,177.0,60.0,62.0
1.0,263.0,263.0,160.0,178.0,170.0,220.0,57.2,42.8,1.37,8.5,5.7,53.0,228.0,175.0,262.0,177.0,60.0,62.0
2.0,249.7,512.0,170.0,185.0,172.0,223.0,55.8,44.2,1.4,8.3,5.6,54.0,228.0,190.0,250.0,177.0,60.0,62.0
3.0,249.7,763.0,173.0,181.0,170.0,218.0,57.6,42.4,1.41,8.4,5.7,55.0,237.0,173.0,249.0,177.0,60.0,62.0
1.0,297.3,297.0,158.0,180.0,170.0,190.0,48.5,51.5,1.25,9.5,7.2,59.0,238.0,190.0,281.0,177.0,60.0,62.0
2.0,262.8,560.0,187.0,194.0,169.0,189.0,49.5,50.5,1.35,9.7,6.8,64.0,239.0,182.0,263.0,177.0,60.0,62.0
3.0,257.1,817.0,190.0,195.0,172.0,189.0,48.1,51.9,1.37,9.0,6.3,64.0,233.0,179.0,257.0,177.0,60.0,62.0
1.0,265.1,265.0,162.0,183.0,171.0,207.0,56.5,43.5,1.3,8.4,6.6,56.0,244.0,174.0,263.0,177.0,60.0,62.0
2.0,268.0,533.0,185.0,190.0,172.0,209.0,55.4,44.6,1.3,8.1,5.9,66.0,237.0,174.0,268.0,177.0,60.0,62.0
3.0,271.4,805.0,192.0,196.0,171.0,207.0,54.7,45.3,1.31,8.1,5.9,71.0,257.0,173.0,271.0,177.0,60.0,62.0
1.0,265.9,265.0,157.0,178.0,168.0,205.0,58.0,42.0,1.32,9.3,7.2,54.0,248.0,181.0,265.0,177.0,60.0,62.0
2.0,279.6,545.0,180.0,188.0,170.0,210.0,58.2,41.8,1.26,8.9,6.8,66.0,265.0,175.0,280.0,177.0,60.0,62.0
3.0,289.1,835.0,185.0,189.0,172.0,216.0,58.0,42.0,1.22,8.2,6.5,71.0,278.0,179.0,288.0,177.0,60.0,62.0
1.0,271.0,271.0,156.0,172.0,174.0,205.0,57.2,42.8,1.29,7.8,5.8,54.0,249.0,179.0,260.0,177.0,60.0,62.0
2.0,277.7,548.0,176.0,186.0,171.0,206.0,55.4,44.6,1.27,8.1,6.3,64.0,195.0,178.0,278.0,177.0,60.0,62.0
3.0,271.0,820.0,188.0,195.0,169.0,209.0,54.5,45.5,1.31,8.4,6.2,68.0,240.0,172.0,271.0,177.0,60.0,62.0
1.0,253.2,253.0,152.0,171.0,171.0,206.0,58.1,41.9,1.37,8.4,5.9,50.0,242.0,177.0,253.0,177.0,60.0,62.0
2.0,257.0,510.0,171.0,186.0,174.0,198.0,58.4,41.6,1.35,8.0,5.7,58.0,251.0,176.0,257.0,177.0,60.0,62.0
3.0,266.4,777.0,186.0,189.0,172.0,207.0,56.0,44.0,1.31,8.2,6.0,65.0,259.0,174.0,266.0,177.0,60.0,62.0
1.0,284.6,284.0,166.0,185.0,168.0,208.0,55.6,44.4,1.27,8.8,7.3,61.0,252.0,178.0,278.0,177.0,60.0,62.0
2.0,277.6,562.0,186.0,191.0,168.0,216.0,54.5,45.5,1.29,8.8,6.6,68.0,253.0,171.0,278.0,177.0,60.0,62.0
3.0,278.5,841.0,191.0,196.0,169.0,216.0,54.9,45.1,1.28,8.7,6.6,71.0,244.0,172.0,278.0,177.0,60.0,62.0
1.0,282.4,282.0,160.0,181.0,170.0,217.0,49.7,50.3,1.27,8.5,6.3,58.0,212.0,173.0,281.0,177.0,60.0,62.0
2.0,271.6,554.0,180.0,187.0,172.0,212.0,50.5,49.5,1.28,8.3,6.2,64.0,229.0,175.0,272.0,177.0,60.0,62.0
3.0,272.4,826.0,187.0,194.0,174.0,213.0,55.6,44.4,1.27,8.1,6.2,67.0,256.0,177.0,272.0,177.0,60.0,62.0
1.0,348.3,348.0,154.0,164.0,171.0,234.0,50.1,49.9,1.02,7.8,7.3,70.0,262.0,178.0,346.0,177.0,60.0,62.0
2.0,314.2,662.0,171.0,180.0,172.0,218.0,50.5,49.5,1.12,8.0,7.0,69.0,258.0,180.0,314.0,177.0,60.0,62.0
1.0,261.1,261.0,155.0,169.0,173.0,201.0,54.8,45.2,1.33,9.3,6.7,52.0,217.0,197.0,260.0,177.0,60.0,62.0
2.0,260.4,521.0,179.0,188.0,174.0,208.0,58.1,41.9,1.33,8.3,6.0,60.0,254.0,177.0,260.0,177.0,60.0,62.0
3.0,263.9,785.0,186.0,191.0,173.0,208.0,58.5,41.5,1.34,8.3,6.0,64.0,245.0,180.0,263.0,177.0,60.0,62.0
1.0,258.9,258.0,139.0,155.0,171.0,198.0,52.3,47.7,1.33,9.2,6.6,44.0,247.0,198.0,257.0,177.0,60.0,62.0
2.0,275.8,534.0,157.0,164.0,172.0,194.0,52.6,47.4,1.23,8.4,6.6,56.0,251.0,176.0,276.0,177.0,60.0,62.0
3.0,352.8,888.0,168.0,191.0,172.0,199.0,51.2,48.8,1.2,8.3,6.7,76.0,259.0,190.0,352.0,177.0,60.0,62.0
1.0,261.5,261.0,148.0,159.0,172.0,206.0,55.1,44.9,1.33,8.3,7.1,50.0,252.0,175.0,257.0,177.0,60.0,62.0
2.0,274.8,536.0,158.0,172.0,173.0,207.0,54.4,45.6,1.26,8.0,6.2,57.0,230.0,175.0,275.0,177.0,60.0,62.0
3.0,282.5,819.0,160.0,168.0,174.0,212.0,54.6,45.4,1.25,7.7,5.9,59.0,263.0,176.0,283.0,177.0,60.0,62.0
1.0,291.9,291.0,191.0,203.0,163.0,224.0,52.9,47.1,1.22,9.2,7.3,75.0,197.0,177.0,291.0,177.0,60.0,62.0
1.0,327.1,327.0,154.0,178.0,164.0,221.0,51.6,48.4,1.12,9.3,8.2,65.0,295.0,172.0,327.0,177.0,60.0,62.0
1.0,298.0,298.0,150.0,170.0,169.0,206.0,55.5,44.5,1.16,9.3,9.6,57.0,273.0,175.0,292.0,177.0,60.0,62.0
2.0,279.8,577.0,166.0,176.0,171.0,210.0,55.4,44.6,1.26,8.7,6.7,60.0,267.0,173.0,280.0,177.0,60.0,62.0
3.0,292.1,870.0,177.0,184.0,171.0,206.0,55.4,44.6,1.21,8.6,6.9,67.0,284.0,173.0,292.0,177.0,60.0,62.0
1.0,304.3,304.0,138.0,163.0,169.0,203.0,54.8,45.3,1.24,9.8,7.7,52.0,217.0,178.0,299.0,177.0,60.0,62.0
2.0,286.9,591.0,151.0,160.0,169.0,212.0,52.5,47.5,1.24,10.1,7.9,56.0,227.0,177.0,287.0,177.0,60.0,62.0
3.0,291.1,882.0,155.0,165.0,171.0,198.0,51.5,48.5,1.21,9.1,7.5,58.0,231.0,177.0,291.0,177.0,60.0,62.0
1.0,307.9,307.0,141.0,154.0,171.0,192.0,50.2,49.8,1.12,9.2,9.1,53.0,292.0,175.0,301.0,177.0,60.0,62.0
2.0,285.6,593.0,155.0,168.0,172.0,189.0,54.7,45.3,1.23,9.3,7.3,57.0,265.0,175.0,286.0,177.0,60.0,62.0
3.0,296.8,890.0,157.0,165.0,169.0,199.0,53.3,46.7,1.16,9.1,7.8,60.0,267.0,174.0,297.0,177.0,60.0,62.0
1.0,215.2,215.0,161.0,177.0,174.0,219.0,57.6,42.4,1.61,8.3,5.3,43.0,181.0,180.0,213.0,177.0,60.0,62.0
2.0,235.8,451.0,174.0,178.0,175.0,208.0,54.2,45.8,1.45,8.2,5.4,52.0,231.0,177.0,236.0,177.0,60.0,62.0
3.0,237.0,688.0,176.0,183.0,174.0,203.0,53.2,46.8,1.44,8.1,5.4,53.0,226.0,176.0,237.0,177.0,60.0,62.0
1.0,288.7,288.0,151.0,172.0,172.0,211.0,52.9,47.1,1.23,9.2,7.4,55.0,238.0,176.0,287.0,177.0,60.0,62.0
2.0,280.4,569.0,160.0,170.0,172.0,208.0,54.0,46.0,1.25,9.5,7.4,58.0,239.0,176.0,280.0,177.0,60.0,62.0
3.0,281.2,850.0,175.0,182.0,171.0,213.0,54.9,45.1,1.25,9.5,7.4,63.0,252.0,174.0,281.0,177.0,60.0,62.0
1.0,268.1,268.0,150.0,160.0,173.0,222.0,51.8,48.2,1.32,8.8,8.2,52.0,225.0,178.0,267.0,177.0,60.0,62.0
2.0,249.8,518.0,161.0,169.0,175.0,202.0,50.1,49.9,1.37,8.8,6.3,52.0,213.0,178.0,250.0,177.0,60.0,62.0
3.0,260.4,778.0,160.0,169.0,173.0,211.0,49.5,50.5,1.33,8.9,6.4,54.0,240.0,175.0,260.0,177.0,60.0,62.0
1.0,293.4,293.0,144.0,167.0,168.0,219.0,50.7,49.3,1.19,9.5,7.9,53.0,270.0,172.0,290.0,177.0,60.0,62.0
1.0,238.2,238.0,149.0,164.0,171.0,217.0,50.8,49.2,1.46,9.4,6.6,45.0,217.0,175.0,236.0,177.0,60.0,62.0
2.0,231.6,469.0,167.0,176.0,172.0,210.0,50.0,50.0,1.53,9.4,5.8,50.0,219.0,174.0,232.0,177.0,60.0,62.0
3.0,243.2,713.0,181.0,187.0,171.0,209.0,50.2,49.8,1.41,9.4,6.4,57.0,229.0,173.0,243.0,177.0,60.0,62.0
1.0,189.6,189.0,161.0,186.0,178.0,221.0,59.6,40.4,1.78,8.2,4.4,38.0,166.0,193.0,189.0,177.0,60.0,62.0
1.0,196.6,196.0,159.0,177.0,176.0,224.0,61.9,38.1,1.72,8.2,4.6,39.0,164.0,184.0,193.0,177.0,60.0,62.0
1.0,284.3,284.0,147.0,163.0,170.0,216.0,54.2,45.8,1.23,9.7,7.7,53.0,260.0,175.0,284.0,177.0,60.0,62.0
1.0,243.2,243.0,152.0,169.0,172.0,221.0,58.8,41.2,1.41,9.5,6.4,47.0,224.0,176.0,237.0,177.0,60.0,62.0
2.0,236.5,479.0,170.0,182.0,170.0,221.0,58.5,41.5,1.47,9.4,6.2,53.0,229.0,174.0,236.0,177.0,60.0,62.0
3.0,239.3,719.0,180.0,191.0,172.0,218.0,57.2,42.8,1.42,9.2,6.2,56.0,236.0,175.0,239.0,177.0,60.0,62.0
1.0,285.9,285.0,149.0,163.0,170.0,224.0,52.4,47.6,1.2,8.8,7.3,55.0,270.0,174.0,282.0,177.0,60.0,62.0
1.0,235.4,235.0,152.0,170.0,173.0,238.0,57.9,42.1,1.42,8.9,6.3,46.0,218.0,178.0,234.0,177.0,60.0,62.0
2.0,227.9,463.0,168.0,181.0,173.0,238.0,57.9,42.1,1.52,9.0,5.6,50.0,218.0,176.0,228.0,177.0,60.0,62.0
3.0,231.0,694.0,175.0,184.0,173.0,238.0,57.6,42.4,1.49,9.0,5.8,52.0,221.0,177.0,231.0,177.0,60.0,62.0
1.0,195.7,195.0,148.0,167.0,175.0,211.0,56.5,43.5,1.72,8.4,4.9,37.0,187.0,180.0,190.0,177.0,60.0,62.0
2.0,218.2,413.0,172.0,178.0,177.0,206.0,55.7,44.3,1.57,8.2,4.9,49.0,195.0,180.0,218.0,177.0,60.0,62.0
3.0,221.4,635.0,179.0,187.0,176.0,213.0,52.7,47.3,1.54,8.3,5.1,51.0,220.0,178.0,221.0,177.0,60.0,62.0
1.0,195.7,195.0,148.0,167.0,175.0,211.0,56.5,43.5,1.72,8.4,4.9,37.0,187.0,180.0,190.0,177.0,60.0,62.0
2.0,218.2,413.0,172.0,178.0,177.0,206.0,55.7,44.3,1.57,8.2,4.9,49.0,195.0,180.0,218.0,177.0,60.0,62.0
3.0,221.4,635.0,179.0,187.0,176.0,213.0,52.7,47.3,1.54,8.3,5.1,51.0,220.0,178.0,221.0,177.0,60.0,62.0
1.0,258.9,258.0,149.0,161.0,172.0,204.0,50.9,49.1,1.37,9.3,6.6,50.0,231.0,174.0,258.0,177.0,60.0,62.0
1.0,237.3,237.0,157.0,174.0,175.0,198.0,52.3,47.7,1.45,8.4,5.6,49.0,220.0,181.0,236.0,177.0,60.0,62.0
2.0,228.7,466.0,174.0,180.0,176.0,194.0,50.0,50.0,1.5,8.2,5.2,52.0,220.0,179.0,229.0,177.0,60.0,62.0
3.0,225.1,691.0,176.0,183.0,177.0,200.0,50.9,49.1,1.51,7.9,5.0,52.0,199.0,179.0,225.0,177.0,60.0,62.0
1.0,254.4,254.0,175.0,187.0,170.0,217.0,51.9,48.1,1.43,8.9,5.9,59.0,237.0,173.0,253.0,177.0,60.0,62.0
1.0,270.7,270.0,153.0,174.0,168.0,218.0,53.6,46.4,1.35,9.5,6.7,53.0,228.0,179.0,271.0,177.0,60.0,62.0
2.0,254.5,525.0,161.0,167.0,174.0,213.0,54.5,45.5,1.37,9.1,6.4,53.0,242.0,176.0,254.0,177.0,60.0,62.0
3.0,261.6,787.0,166.0,174.0,172.0,215.0,55.2,44.8,1.31,9.0,6.6,56.0,255.0,181.0,261.0,177.0,60.0,62.0
1.0,258.9,258.0,149.0,165.0,171.0,196.0,49.8,50.2,1.36,8.8,6.2,49.0,100.0,176.0,257.0,177.0,60.0,62.0
2.0,254.5,513.0,166.0,174.0,172.0,201.0,49.8,50.2,1.38,9.0,6.3,55.0,235.0,175.0,255.0,177.0,60.0,62.0
3.0,267.2,781.0,172.0,179.0,171.0,207.0,50.1,49.9,1.31,8.8,6.4,59.0,253.0,173.0,267.0,177.0,60.0,62.0
1.0,252.3,252.0,146.0,165.0,170.0,191.0,49.7,50.3,1.35,9.2,6.7,47.0,239.0,177.0,252.0,177.0,60.0,62.0
2.0,269.1,521.0,167.0,173.0,169.0,202.0,50.0,50.0,1.33,9.2,6.7,58.0,245.0,173.0,269.0,177.0,60.0,62.0
3.0,263.0,784.0,164.0,174.0,170.0,201.0,49.9,50.1,1.36,9.1,6.5,56.0,251.0,172.0,263.0,177.0,60.0,62.0
1.0,313.7,395.0,139.0,155.0,159.0,212.0,50.2,49.8,1.21,10.0,8.3,55.0,273.0,177.0,306.0,177.0,60.0,62.0
2.0,296.4,692.0,149.0,157.0,169.0,203.0,50.0,50.0,1.2,10.0,8.1,57.0,258.0,173.0,296.0,177.0,60.0,62.0
1.0,315.9,315.0,162.0,174.0,157.0,225.0,50.4,49.6,1.2,9.2,7.8,66.0,270.0,181.0,297.0,177.0,60.0,62.0
1.0,182.7,182.0,154.0,180.0,185.0,190.0,48.2,51.8,1.77,6.8,3.9,36.0,150.0,199.0,181.0,177.0,60.0,62.0
1.0,316.4,316.0,148.0,169.0,159.0,226.0,49.5,50.5,1.22,11.0,8.8,59.0,272.0,166.0,315.0,177.0,60.0,62.0
2.0,310.7,627.0,182.0,192.0,159.0,225.0,49.5,50.5,1.22,11.4,9.1,74.0,241.0,164.0,310.0,177.0,60.0,62.0
3.0,301.6,929.0,193.0,196.0,161.0,220.0,49.6,50.4,1.23,10.9,8.6,77.0,239.0,165.0,302.0,177.0,60.0,62.0
1.0,267.2,267.0,160.0,177.0,170.0,209.0,50.5,49.5,1.31,9.3,6.7,54.0,244.0,179.0,266.0,177.0,60.0,62.0
2.0,253.2,520.0,183.0,188.0,172.0,207.0,50.4,49.6,1.38,9.3,6.5,59.0,246.0,175.0,253.0,177.0,60.0,62.0
3.0,258.7,779.0,190.0,197.0,171.0,207.0,50.6,49.4,1.34,9.5,6.9,65.0,248.0,174.0,259.0,177.0,60.0,62.0
1.0,251.5,251.0,166.0,187.0,170.0,197.0,50.1,49.9,1.39,9.9,6.9,52.0,232.0,174.0,248.0,177.0,60.0,62.0
2.0,246.4,497.0,189.0,193.0,172.0,201.0,50.1,49.9,1.42,9.9,6.8,60.0,238.0,177.0,246.0,177.0,60.0,62.0
3.0,233.9,732.0,200.0,204.0,171.0,203.0,50.0,50.0,1.5,9.9,6.3,64.0,229.0,174.0,234.0,177.0,60.0,62.0
1.0,276.3,276.0,169.0,186.0,169.0,203.0,50.4,49.6,1.27,10.4,7.9,59.0,254.0,177.0,276.0,177.0,60.0,62.0
2.0,247.0,523.0,190.0,197.0,168.0,197.0,50.5,49.5,1.44,11.0,7.4,61.0,241.0,170.0,247.0,177.0,60.0,62.0
3.0,237.2,761.0,200.0,206.0,170.0,197.0,50.3,49.7,1.46,10.5,6.9,64.0,198.0,179.0,237.0,177.0,60.0,62.0
1.0,266.9,266.0,153.0,182.0,169.0,200.0,49.9,50.1,1.31,11.2,8.5,50.0,258.0,175.0,267.0,177.0,60.0,62.0
2.0,258.7,525.0,176.0,182.0,169.0,202.0,49.0,51.0,1.38,10.5,7.3,57.0,248.0,171.0,258.0,177.0,60.0,62.0
3.0,228.2,754.0,191.0,198.0,171.0,196.0,47.7,52.3,1.49,9.6,6.2,56.0,208.0,177.0,228.0,177.0,60.0,62.0
1.0,266.7,266.0,154.0,171.0,167.0,195.0,50.2,49.8,1.35,10.2,7.3,51.0,233.0,172.0,264.0,177.0,60.0,62.0
2.0,252.7,519.0,174.0,198.0,169.0,190.0,50.0,50.0,1.41,10.3,7.1,55.0,225.0,172.0,253.0,177.0,60.0,62.0
3.0,247.7,767.0,198.0,209.0,171.0,197.0,50.0,50.0,1.42,9.7,6.6,64.0,209.0,175.0,248.0,177.0,60.0,62.0
1.0,256.5,256.0,172.0,188.0,170.0,207.0,49.7,50.3,1.37,9.3,6.7,52.0,245.0,175.0,254.0,177.0,60.0,62.0
2.0,248.6,505.0,192.0,196.0,170.0,209.0,49.7,50.3,1.39,9.3,6.4,57.0,235.0,173.0,249.0,177.0,60.0,62.0
3.0,248.0,753.0,190.0,202.0,171.0,211.0,49.5,50.5,1.4,9.1,6.2,56.0,237.0,173.0,248.0,177.0,60.0,62.0
1.0,267.6,267.0,165.0,184.0,166.0,219.0,49.6,50.4,1.36,10.1,7.2,39.0,247.0,172.0,266.0,177.0,60.0,62.0
2.0,260.3,527.0,191.0,197.0,166.0,220.0,49.9,50.1,1.39,10.2,7.0,45.0,250.0,169.0,260.0,177.0,60.0,62.0
3.0,260.8,789.0,195.0,199.0,166.0,219.0,49.8,50.2,1.39,10.1,7.0,47.0,246.0,170.0,261.0,177.0,60.0,62.0
1.0,303.6,303.0,164.0,178.0,163.0,217.0,50.2,49.8,1.23,10.7,8.6,42.0,250.0,170.0,302.0,177.0,60.0,62.0
2.0,289.9,593.0,173.0,182.0,164.0,213.0,50.3,49.7,1.27,10.6,8.2,43.0,259.0,168.0,290.0,177.0,60.0,62.0
3.0,287.5,881.0,179.0,193.0,162.0,214.0,50.0,50.0,1.29,11.0,8.3,44.0,229.0,166.0,287.0,177.0,60.0,62.0
1.0,315.2,315.0,167.0,175.0,165.0,220.0,50.1,49.9,1.18,10.4,8.5,45.0,272.0,175.0,311.0,177.0,60.0,62.0
2.0,298.0,613.0,179.0,182.0,164.0,223.0,50.2,49.8,1.23,10.4,8.2,46.0,285.0,168.0,297.0,177.0,60.0,62.0
3.0,308.6,922.0,180.0,181.0,165.0,226.0,50.5,49.5,1.18,10.1,8.3,48.0,296.0,169.0,309.0,177.0,60.0,62.0
1.0,305.9,305.0,173.0,185.0,166.0,211.0,50.1,49.9,1.21,10.3,8.2,48.0,268.0,171.0,300.0,177.0,60.0,62.0
2.0,302.6,609.0,181.0,183.0,167.0,211.0,50.4,49.6,1.18,10.2,8.4,50.0,290.0,170.0,303.0,177.0,60.0,62.0
3.0,283.2,892.0,187.0,193.0,168.0,207.0,50.2,49.8,1.27,10.1,7.7,48.0,255.0,171.0,283.0,177.0,60.0,62.0
1.0,256.8,256.0,174.0,189.0,169.0,190.0,50.9,49.1,1.4,9.9,6.7,40.0,206.0,179.0,251.0,177.0,60.0,62.0
2.0,226.4,483.0,197.0,203.0,171.0,189.0,50.4,49.6,1.56,9.9,6.1,42.0,203.0,174.0,226.0,177.0,60.0,62.0
3.0,228.6,712.0,203.0,205.0,170.0,199.0,50.1,49.9,1.55,9.5,6.0,44.0,193.0,174.0,229.0,177.0,60.0,62.0
1.0,272.0,272.0,138.0,152.0,164.0,207.0,50.8,49.2,1.31,10.5,7.8,46.0,273.0,168.0,271.0,177.0,60.0,62.0
2.0,275.8,547.0,151.0,157.0,165.0,210.0,50.7,49.3,1.34,10.6,7.7,52.0,254.0,167.0,275.0,177.0,60.0,62.0
3.0,282.9,831.0,153.0,158.0,164.0,213.0,50.6,49.4,1.27,10.4,8.0,52.0,275.0,167.0,283.0,177.0,60.0,62.0
1.0,306.9,306.0,153.0,169.0,160.0,214.0,50.0,50.0,1.24,11.1,8.9,46.0,268.0,167.0,305.0,177.0,60.0,62.0
2.0,292.8,599.0,163.0,168.0,161.0,220.0,50.0,50.0,1.28,10.9,8.3,48.0,274.0,163.0,292.0,177.0,60.0,62.0
3.0,289.0,889.0,185.0,199.0,162.0,214.0,50.2,49.8,1.29,10.6,8.0,54.0,267.0,166.0,289.0,177.0,60.0,62.0
1.0,314.4,314.0,142.0,162.0,160.0,216.0,50.8,49.2,1.19,11.5,9.7,59.0,281.0,166.0,312.0,181.0,63.0,63.0
2.0,280.0,594.0,169.0,177.0,164.0,207.0,51.2,48.8,1.31,11.0,8.2,65.0,261.0,168.0,280.0,181.0,63.0,63.0
3.0,268.5,863.0,166.0,171.0,165.0,206.0,52.3,47.7,1.34,11.0,8.0,61.0,260.0,169.0,268.0,181.0,63.0,63.0
1.0,292.5,292.0,137.0,153.0,160.0,195.0,53.1,46.9,1.3,11.8,8.9,52.0,273.0,166.0,288.0,181.0,63.0,63.0
2.0,278.6,571.0,154.0,168.0,165.0,195.0,58.3,41.7,1.31,11.1,8.2,59.0,271.0,167.0,278.0,181.0,63.0,63.0
3.0,284.0,855.0,161.0,170.0,161.0,205.0,57.2,42.8,1.31,11.4,8.5,63.0,271.0,168.0,284.0,181.0,63.0,63.0
1.0,303.7,303.0,148.0,165.0,163.0,200.0,51.6,48.4,1.22,11.0,8.7,61.0,181.0,178.0,303.0,181.0,63.0,63.0
2.0,295.8,599.0,159.0,170.0,164.0,200.0,52.2,47.8,1.24,11.0,8.6,65.0,196.0,169.0,296.0,181.0,63.0,63.0
3.0,307.2,907.0,158.0,174.0,162.0,222.0,51.5,48.5,1.23,10.1,7.8,66.0,278.0,173.0,302.0,181.0,63.0,63.0
1.0,240.1,240.0,146.0,168.0,169.0,195.0,51.8,48.2,1.43,10.0,6.7,47.0,205.0,179.0,240.0,181.0,63.0,63.0
2.0,221.4,461.0,162.0,175.0,173.0,188.0,52.5,47.5,1.57,9.7,5.9,49.0,180.0,191.0,220.0,181.0,63.0,63.0
3.0,252.1,714.0,168.0,178.0,171.0,195.0,52.1,47.9,1.32,9.1,6.6,58.0,225.0,178.0,252.0,181.0,63.0,63.0
1.0,192.2,192.0,161.0,182.0,177.0,172.0,52.0,48.0,1.71,9.0,5.3,43.0,184.0,180.0,192.0,181.0,63.0,63.0
2.0,196.9,274.0,174.0,184.0,178.0,172.0,53.2,46.8,1.73,9.0,5.0,48.0,187.0,182.0,192.0,181.0,63.0,63.0
1.0,302.6,302.0,145.0,163.0,155.0,217.0,51.8,48.2,1.26,9.6,7.2,60.0,259.0,219.0,288.0,181.0,63.0,63.0
2.0,287.8,590.0,168.0,174.0,170.0,206.0,51.4,48.6,1.23,9.4,7.4,69.0,269.0,176.0,287.0,181.0,63.0,63.0
1.0,244.0,244.0,153.0,169.0,168.0,182.0,51.2,48.8,1.48,10.4,6.6,53.0,226.0,183.0,239.0,181.0,63.0,63.0
2.0,241.7,485.0,169.0,176.0,170.0,185.0,52.2,47.8,1.51,9.9,6.3,59.0,229.0,175.0,236.0,181.0,63.0,63.0
3.0,239.0,725.0,176.0,185.0,172.0,186.0,52.7,47.3,1.48,9.5,6.2,61.0,231.0,176.0,236.0,181.0,63.0,63.0
1.0,244.9,244.0,148.0,161.0,163.0,185.0,49.4,50.6,1.49,10.9,7.1,53.0,235.0,169.0,243.0,181.0,63.0,63.0
2.0,242.6,487.0,166.0,173.0,165.0,194.0,50.5,49.5,1.49,10.3,6.7,58.0,227.0,170.0,243.0,181.0,63.0,63.0
3.0,238.9,726.0,175.0,182.0,166.0,190.0,49.7,50.3,1.55,11.2,7.0,60.0,224.0,169.0,239.0,181.0,63.0,63.0
1.0,238.3,238.0,157.0,183.0,169.0,179.0,51.7,48.3,1.52,9.8,6.4,53.0,221.0,174.0,233.0,181.0,63.0,63.0
2.0,239.7,478.0,185.0,191.0,169.0,184.0,52.1,47.9,1.51,9.8,6.3,65.0,228.0,172.0,235.0,181.0,63.0,63.0
3.0,239.7,718.0,188.0,193.0,171.0,184.0,52.1,47.9,1.51,9.7,6.2,66.0,228.0,176.0,235.0,181.0,63.0,63.0
1.0,337.6,337.0,155.0,172.0,164.0,219.0,50.6,49.4,1.1,10.1,9.0,77.0,271.0,170.0,334.0,181.0,63.0,63.0
2.0,303.5,641.0,158.0,168.0,164.0,209.0,51.7,48.3,1.21,10.6,8.5,71.0,277.0,169.0,304.0,181.0,63.0,63.0
3.0,328.5,970.0,148.0,163.0,161.0,213.0,52.1,47.9,1.11,10.9,9.6,67.0,306.0,171.0,328.0,181.0,63.0,63.0
1.0,236.9,236.0,142.0,154.0,163.0,198.0,48.7,51.3,1.56,11.3,7.0,47.0,220.0,169.0,230.0,181.0,63.0,63.0
2.0,237.7,474.0,157.0,163.0,164.0,199.0,50.1,49.9,1.6,10.8,6.4,55.0,225.0,168.0,229.0,181.0,63.0,63.0
3.0,240.1,715.0,176.0,186.0,166.0,195.0,51.5,48.5,1.58,10.5,6.3,62.0,225.0,170.0,230.0,181.0,63.0,63.0
1.0,330.5,330.0,142.0,158.0,161.0,199.0,50.2,49.8,1.1,10.8,9.7,67.0,284.0,170.0,330.0,181.0,63.0,63.0
2.0,306.2,637.0,163.0,167.0,164.0,192.0,51.7,48.3,1.21,10.4,8.3,73.0,286.0,167.0,306.0,181.0,63.0,63.0
3.0,317.7,954.0,167.0,180.0,164.0,198.0,51.6,48.4,1.18,10.3,8.4,77.0,282.0,171.0,318.0,181.0,63.0,63.0
1.0,330.5,330.0,142.0,158.0,161.0,199.0,50.2,49.8,1.1,10.8,9.7,67.0,284.0,170.0,330.0,181.0,63.0,63.0
2.0,306.2,637.0,163.0,167.0,164.0,192.0,51.7,48.3,1.21,10.4,8.3,73.0,286.0,167.0,306.0,181.0,63.0,63.0
3.0,317.7,954.0,167.0,180.0,164.0,198.0,51.6,48.4,1.18,10.3,8.4,77.0,282.0,171.0,318.0,181.0,63.0,63.0
1.0,377.1,377.0,132.0,149.0,156.0,230.0,52.1,47.9,1.0,11.1,11.2,66.0,337.0,164.0,369.0,181.0,63.0,63.0
2.0,358.3,735.0,153.0,168.0,158.0,222.0,51.4,48.6,1.01,11.7,11.4,78.0,321.0,167.0,358.0,181.0,63.0,63.0
3.0,367.8,1103.0,155.0,166.0,160.0,223.0,52.0,48.0,1.04,11.0,10.4,80.0,332.0,165.0,368.0,181.0,63.0,63.0
1.0,245.7,245.0,141.0,174.0,164.0,190.0,52.5,47.5,1.46,10.7,7.4,48.0,228.0,170.0,245.0,181.0,63.0,63.0
2.0,240.8,486.0,180.0,187.0,168.0,186.0,52.1,47.9,1.5,10.2,6.6,63.0,227.0,172.0,241.0,181.0,63.0,63.0
3.0,197.8,684.0,190.0,195.0,176.0,174.0,57.4,42.6,1.71,9.2,5.2,56.0,182.0,186.0,198.0,181.0,63.0,63.0
1.0,240.2,240.0,147.0,171.0,165.0,179.0,51.2,48.8,1.5,11.1,7.5,50.0,221.0,169.0,240.0,181.0,63.0,63.0
2.0,236.2,476.0,178.0,184.0,165.0,183.0,50.9,49.1,1.54,11.4,7.2,61.0,224.0,170.0,236.0,181.0,63.0,63.0
3.0,197.2,674.0,186.0,191.0,173.0,167.0,56.0,44.0,1.77,10.1,5.5,54.0,186.0,178.0,197.0,181.0,63.0,63.0
1.0,242.2,242.0,157.0,174.0,164.0,173.0,51.6,48.4,1.48,11.4,7.9,55.0,223.0,168.0,242.0,181.0,63.0,63.0
2.0,248.9,491.0,170.0,181.0,166.0,180.0,53.1,46.9,1.41,11.3,7.8,62.0,235.0,171.0,249.0,181.0,63.0,63.0
3.0,250.2,741.0,168.0,178.0,167.0,194.0,52.3,47.7,1.42,11.0,7.9,61.0,231.0,176.0,249.0,181.0,63.0,63.0
1.0,241.9,241.0,147.0,179.0,166.0,190.0,51.3,48.7,1.47,10.0,7.0,51.0,234.0,175.0,239.0,181.0,63.0,63.0
2.0,244.0,485.0,171.0,181.0,167.0,191.0,52.3,47.7,1.52,9.7,6.2,61.0,226.0,171.0,237.0,181.0,63.0,63.0
3.0,241.5,727.0,167.0,172.0,167.0,193.0,51.1,48.9,1.52,9.9,6.3,58.0,231.0,173.0,237.0,181.0,63.0,63.0
1.0,261.5,261.0,143.0,159.0,163.0,188.0,49.6,50.4,1.44,10.9,7.3,55.0,207.0,171.0,255.0,181.0,63.0,63.0
2.0,247.6,509.0,163.0,173.0,164.0,190.0,50.9,49.1,1.5,10.9,7.0,61.0,222.0,170.0,247.0,181.0,63.0,63.0
3.0,240.7,750.0,161.0,171.0,163.0,190.0,51.6,48.4,1.49,11.5,7.5,58.0,230.0,169.0,240.0,181.0,63.0,63.0
1.0,302.5,302.0,152.0,166.0,162.0,197.0,51.7,48.3,1.26,10.9,8.6,69.0,278.0,165.0,302.0,181.0,63.0,63.0
2.0,286.5,589.0,161.0,168.0,163.0,197.0,52.6,47.4,1.29,10.9,8.2,70.0,273.0,165.0,287.0,181.0,63.0,63.0
3.0,293.8,883.0,164.0,173.0,164.0,196.0,52.8,47.3,1.28,10.7,8.2,72.0,273.0,165.0,293.0,181.0,63.0,63.0
2.0,237.2,478.0,174.0,186.0,171.0,196.0,51.7,48.3,1.48,10.3,6.7,62.0,233.0,175.0,236.0,181.0,63.0,63.0
3.0,235.4,714.0,184.0,186.0,171.0,194.0,52.6,47.4,1.51,10.1,6.4,65.0,221.0,175.0,234.0,181.0,63.0,63.0
2.0,240.4,472.0,160.0,171.0,169.0,197.0,49.7,50.3,1.51,9.8,6.2,58.0,235.0,172.0,237.0,181.0,63.0,63.0
3.0,239.9,712.0,167.0,173.0,169.0,200.0,49.8,50.2,1.51,9.9,6.4,60.0,230.0,171.0,236.0,181.0,63.0,63.0
1.0,228.9,228.0,150.0,175.0,170.0,184.0,51.1,48.9,1.55,9.6,6.2,50.0,197.0,188.0,226.0,181.0,63.0,63.0
2.0,229.2,458.0,171.0,179.0,170.0,183.0,51.2,48.8,1.58,9.7,5.9,59.0,222.0,173.0,224.0,181.0,63.0,63.0
3.0,229.3,687.0,176.0,181.0,170.0,184.0,52.1,47.9,1.55,9.7,6.0,61.0,225.0,173.0,227.0,181.0,63.0,63.0
1.0,178.2,178.0,159.0,187.0,186.0,165.0,55.3,44.7,1.76,6.9,4.3,42.0,159.0,206.0,176.0,181.0,63.0,63.0
1.0,206.3,206.0,158.0,179.0,172.0,175.0,53.3,46.7,1.71,8.9,5.0,47.0,193.0,179.0,201.0,181.0,63.0,63.0
2.0,208.5,414.0,175.0,182.0,176.0,179.0,55.1,44.9,1.69,8.8,4.9,54.0,195.0,179.0,203.0,181.0,63.0,63.0
3.0,209.1,624.0,177.0,182.0,176.0,179.0,54.7,45.3,1.68,8.7,4.9,55.0,201.0,179.0,203.0,181.0,63.0,63.0
1.0,205.9,205.0,141.0,153.0,175.0,184.0,57.5,42.5,1.69,9.0,5.6,41.0,192.0,180.0,203.0,181.0,63.0,63.0
2.0,209.6,415.0,165.0,176.0,174.0,186.0,58.1,41.9,1.7,9.1,5.1,51.0,200.0,177.0,203.0,181.0,63.0,63.0
3.0,211.5,627.0,187.0,193.0,174.0,188.0,57.6,42.4,1.66,8.9,5.1,59.0,197.0,176.0,207.0,181.0,63.0,63.0
1.0,173.7,173.0,151.0,169.0,188.0,196.0,50.4,49.6,1.89,8.4,4.5,37.0,167.0,199.0,170.0,181.0,63.0,63.0
1.0,175.2,175.0,187.0,197.0,189.0,187.0,49.7,50.3,1.83,8.0,4.2,49.0,168.0,194.0,170.0,181.0,63.0,63.0
1.0,280.2,280.0,144.0,159.0,159.0,209.0,49.2,50.8,1.3,11.2,8.7,57.0,262.0,162.0,280.0,181.0,63.0,63.0
2.0,279.6,559.0,153.0,165.0,160.0,210.0,49.0,51.0,1.31,11.1,8.4,61.0,259.0,166.0,279.0,181.0,63.0,63.0
3.0,271.8,832.0,160.0,164.0,161.0,208.0,49.8,50.3,1.34,11.2,8.1,64.0,263.0,165.0,271.0,181.0,63.0,63.0
1.0,329.9,329.0,139.0,160.0,161.0,230.0,50.3,49.7,1.16,10.6,8.9,63.0,270.0,172.0,321.0,181.0,63.0,63.0
2.0,298.3,628.0,151.0,165.0,159.0,230.0,49.8,50.2,1.22,11.0,8.8,65.0,282.0,166.0,298.0,181.0,63.0,63.0
3.0,313.4,942.0,132.0,163.0,159.0,231.0,50.1,49.9,1.19,10.9,9.3,48.0,278.0,168.0,307.0,181.0,63.0,63.0
1.0,301.1,301.0,141.0,154.0,156.0,214.0,50.6,49.4,1.28,11.5,8.8,59.0,283.0,162.0,301.0,181.0,63.0,63.0
2.0,283.5,584.0,161.0,167.0,161.0,207.0,50.1,49.9,1.32,10.9,8.0,66.0,256.0,165.0,283.0,181.0,63.0,63.0
3.0,271.9,856.0,162.0,166.0,159.0,207.0,50.2,49.8,1.39,11.4,8.0,64.0,265.0,163.0,271.0,181.0,63.0,63.0
1.0,257.4,257.0,155.0,169.0,162.0,204.0,49.4,50.6,1.38,11.6,8.5,57.0,227.0,168.0,255.0,181.0,63.0,63.0
2.0,238.2,495.0,171.0,186.0,169.0,186.0,49.8,50.2,1.51,10.4,6.6,58.0,205.0,183.0,238.0,181.0,63.0,63.0
3.0,237.1,733.0,184.0,189.0,168.0,203.0,49.9,50.1,1.48,10.2,6.7,63.0,225.0,186.0,236.0,181.0,63.0,63.0
1.0,304.9,304.0,133.0,153.0,158.0,224.0,50.8,49.2,1.27,11.3,8.8,53.0,232.0,163.0,295.0,181.0,63.0,63.0
2.0,291.4,596.0,162.0,173.0,156.0,222.0,50.6,49.4,1.29,11.7,8.8,67.0,270.0,161.0,290.0,181.0,63.0,63.0
3.0,281.7,878.0,166.0,176.0,157.0,219.0,50.6,49.4,1.37,11.6,8.3,67.0,197.0,164.0,282.0,181.0,63.0,63.0
1.0,238.5,238.0,163.0,186.0,167.0,206.0,49.8,50.2,1.55,10.2,6.4,54.0,88.0,183.0,234.0,181.0,63.0,63.0
2.0,240.4,478.0,186.0,187.0,167.0,218.0,49.5,50.5,1.52,10.0,6.3,64.0,230.0,172.0,238.0,181.0,63.0,63.0
3.0,241.5,720.0,186.0,188.0,166.0,218.0,49.7,50.3,1.52,10.0,6.3,64.0,234.0,172.0,240.0,181.0,63.0,63.0
1.0,282.5,282.0,153.0,166.0,160.0,223.0,50.5,49.5,1.32,12.1,9.0,63.0,252.0,164.0,282.0,181.0,63.0,63.0
2.0,287.3,569.0,174.0,179.0,164.0,217.0,50.8,49.2,1.29,10.9,8.2,73.0,259.0,169.0,287.0,181.0,63.0,63.0
3.0,284.5,854.0,177.0,180.0,164.0,221.0,51.2,48.8,1.32,11.1,8.2,74.0,258.0,168.0,285.0,181.0,63.0,63.0
1.0,181.5,181.0,150.0,189.0,186.0,197.0,49.3,50.7,1.78,8.1,4.2,38.0,166.0,199.0,175.0,181.0,63.0,63.0
2.0,186.4,367.0,195.0,199.0,185.0,206.0,49.6,50.4,1.77,8.2,4.4,56.0,144.0,212.0,182.0,181.0,63.0,63.0
1.0,415.1,415.0,168.0,184.0,167.0,214.0,49.6,50.4,1.4,10.1,7.3,102.0,203.0,176.0,250.0,181.0,63.0,63.0
1.0,241.2,241.0,155.0,171.0,169.0,208.0,48.6,51.4,1.44,10.0,6.9,54.0,207.0,179.0,235.0,181.0,63.0,63.0
2.0,240.2,481.0,171.0,174.0,168.0,211.0,48.8,51.2,1.53,10.1,6.3,60.0,229.0,172.0,233.0,181.0,63.0,63.0
3.0,239.8,721.0,175.0,183.0,168.0,212.0,49.4,50.6,1.53,10.0,6.3,61.0,230.0,170.0,233.0,181.0,63.0,63.0
1.0,206.5,206.0,164.0,188.0,165.0,225.0,49.7,50.3,1.72,12.3,7.0,48.0,185.0,186.0,202.0,181.0,63.0,63.0
2.0,210.2,416.0,192.0,194.0,164.0,227.0,49.4,50.6,1.76,12.8,7.0,60.0,201.0,167.0,210.0,181.0,63.0,63.0
1.0,300.9,300.0,154.0,166.0,157.0,235.0,50.3,49.7,1.2,11.2,9.2,67.0,269.0,165.0,301.0,181.0,63.0,63.0
2.0,252.1,553.0,177.0,184.0,161.0,222.0,51.3,48.7,1.45,10.8,7.2,64.0,221.0,186.0,252.0,181.0,63.0,63.0
3.0,301.2,854.0,177.0,182.0,159.0,235.0,50.6,49.4,1.21,10.7,8.6,76.0,279.0,171.0,301.0,181.0,63.0,63.0
1.0,344.2,344.0,158.0,175.0,151.0,254.0,50.0,50.0,1.1,11.8,10.9,78.0,271.0,162.0,344.0,181.0,63.0,63.0
2.0,293.0,637.0,181.0,185.0,158.0,230.0,50.6,49.4,1.3,11.1,8.3,76.0,262.0,164.0,293.0,181.0,63.0,63.0
1.0,281.4,281.0,143.0,160.0,148.0,238.0,51.2,48.8,1.3,12.2,9.2,56.0,264.0,158.0,281.0,181.0,63.0,63.0
2.0,310.4,591.0,163.0,170.0,151.0,239.0,50.5,49.5,1.27,11.8,9.0,73.0,282.0,159.0,309.0,181.0,63.0,63.0
3.0,300.3,892.0,166.0,175.0,154.0,228.0,50.6,49.4,1.31,11.9,8.8,71.0,279.0,166.0,300.0,181.0,63.0,63.0
1.0,304.4,304.0,149.0,169.0,157.0,220.0,50.7,49.3,1.26,12.0,9.4,64.0,273.0,162.0,304.0,181.0,63.0,63.0
2.0,298.2,603.0,168.0,174.0,160.0,223.0,50.0,50.0,1.27,11.4,8.7,72.0,273.0,168.0,298.0,181.0,63.0,63.0
3.0,291.4,894.0,169.0,175.0,158.0,228.0,50.3,49.7,1.32,11.4,8.4,70.0,267.0,167.0,290.0,181.0,63.0,63.0
1.0,257.1,257.0,155.0,176.0,162.0,215.0,48.7,51.3,1.47,11.0,7.2,54.0,216.0,167.0,257.0,181.0,63.0,63.0
2.0,233.5,490.0,178.0,180.0,162.0,211.0,48.5,51.5,1.58,10.9,6.7,59.0,229.0,165.0,234.0,181.0,63.0,63.0
3.0,233.4,724.0,184.0,188.0,162.0,213.0,48.9,51.1,1.59,10.8,6.5,61.0,229.0,168.0,233.0,181.0,63.0,63.0
1.0,361.6,361.0,156.0,167.0,161.0,253.0,49.8,50.2,1.02,10.0,9.6,81.0,348.0,166.0,362.0,181.0,63.0,63.0
2.0,348.9,710.0,158.0,163.0,160.0,249.0,49.5,50.5,1.08,10.6,9.6,78.0,330.0,164.0,348.0,181.0,63.0,63.0
1.0,291.1,291.0,136.0,158.0,154.0,229.0,49.8,50.3,1.35,12.9,9.7,53.0,234.0,167.0,290.0,181.0,63.0,63.0
2.0,295.8,586.0,159.0,167.0,151.0,233.0,50.0,50.0,1.34,13.6,10.1,67.0,239.0,159.0,296.0,181.0,63.0,63.0
3.0,295.9,883.0,163.0,168.0,151.0,232.0,50.0,50.0,1.35,14.0,10.4,69.0,239.0,162.0,296.0,181.0,63.0,63.0
1.0,250.6,250.0,159.0,179.0,155.0,189.0,50.5,49.5,1.52,13.2,8.6,54.0,233.0,164.0,251.0,181.0,63.0,63.0
2.0,258.0,508.0,175.0,181.0,155.0,192.0,50.5,49.5,1.52,13.3,8.5,59.0,244.0,158.0,258.0,181.0,63.0,63.0
3.0,271.9,781.0,178.0,187.0,155.0,204.0,50.3,49.7,1.42,13.0,8.8,62.0,265.0,158.0,271.0,181.0,63.0,63.0
1.0,244.8,244.0,150.0,170.0,158.0,216.0,49.4,50.6,1.52,11.7,7.7,52.0,235.0,162.0,244.0,183.0,64.0,64.0
2.0,234.7,479.0,183.0,188.0,158.0,217.0,49.2,50.8,1.64,11.6,6.8,61.0,211.0,160.0,235.0,183.0,64.0,64.0
3.0,234.1,714.0,188.0,190.0,157.0,220.0,49.6,50.4,1.64,11.6,6.8,63.0,206.0,160.0,233.0,183.0,64.0,64.0
1.0,218.7,218.0,163.0,184.0,164.0,212.0,49.2,50.8,1.66,10.7,5.9,50.0,212.0,168.0,215.0,183.0,64.0,64.0
2.0,218.4,437.0,189.0,193.0,162.0,211.0,49.3,50.7,1.71,10.8,6.1,59.0,210.0,168.0,218.0,183.0,64.0,64.0
3.0,216.2,653.0,195.0,199.0,161.0,209.0,49.3,50.7,1.72,10.9,6.1,62.0,215.0,164.0,216.0,183.0,64.0,64.0
1.0,349.7,349.0,123.0,143.0,158.0,247.0,50.3,49.7,1.1,11.3,10.2,52.0,268.0,167.0,345.0,183.0,64.0,64.0
2.0,315.6,665.0,142.0,152.0,153.0,237.0,50.2,49.8,1.21,12.6,10.2,61.0,299.0,160.0,316.0,183.0,64.0,64.0
3.0,339.8,1005.0,148.0,156.0,150.0,244.0,50.4,49.6,1.18,13.1,10.9,68.0,314.0,162.0,340.0,183.0,64.0,64.0
1.0,289.2,289.0,144.0,165.0,157.0,216.0,49.7,50.3,1.31,14.2,10.6,58.0,271.0,162.0,289.0,183.0,64.0,64.0
2.0,270.5,559.0,168.0,173.0,157.0,213.0,49.6,50.4,1.41,14.5,10.0,65.0,212.0,166.0,271.0,183.0,64.0,64.0
3.0,260.4,820.0,175.0,178.0,157.0,209.0,49.4,50.6,1.46,14.1,9.4,65.0,248.0,160.0,260.0,183.0,64.0,64.0
1.0,281.5,281.0,139.0,157.0,157.0,230.0,50.1,49.9,1.33,12.9,9.7,53.0,247.0,202.0,281.0,183.0,64.0,64.0
2.0,270.5,552.0,161.0,175.0,158.0,225.0,49.5,50.5,1.4,13.0,9.3,61.0,249.0,164.0,270.0,183.0,64.0,64.0
3.0,284.2,836.0,146.0,175.0,157.0,237.0,49.2,50.8,1.26,12.4,9.9,51.0,258.0,165.0,282.0,183.0,64.0,64.0
1.0,337.6,337.0,155.0,172.0,164.0,219.0,50.6,49.4,1.1,10.1,9.0,77.0,271.0,170.0,334.0,183.0,64.0,64.0
2.0,303.5,641.0,158.0,168.0,164.0,209.0,51.7,48.3,1.21,10.6,8.5,71.0,277.0,169.0,304.0,183.0,64.0,64.0
3.0,328.5,970.0,148.0,163.0,161.0,213.0,52.1,47.9,1.11,10.9,9.6,67.0,306.0,171.0,328.0,183.0,64.0,64.0
1.0,236.9,236.0,142.0,154.0,163.0,198.0,48.7,51.3,1.56,11.3,7.0,47.0,220.0,169.0,230.0,183.0,64.0,64.0
2.0,237.7,474.0,157.0,163.0,164.0,199.0,50.1,49.9,1.6,10.8,6.4,55.0,225.0,168.0,229.0,183.0,64.0,64.0
3.0,240.1,715.0,176.0,186.0,166.0,195.0,51.5,48.5,1.58,10.5,6.3,62.0,225.0,170.0,230.0,183.0,64.0,64.0
1.0,330.5,330.0,142.0,158.0,161.0,199.0,50.2,49.8,1.1,10.8,9.7,67.0,284.0,170.0,330.0,183.0,64.0,64.0
2.0,306.2,637.0,163.0,167.0,164.0,192.0,51.7,48.3,1.21,10.4,8.3,73.0,286.0,167.0,306.0,183.0,64.0,64.0
3.0,317.7,954.0,167.0,180.0,164.0,198.0,51.6,48.4,1.18,10.3,8.4,77.0,282.0,171.0,318.0,183.0,64.0,64.0
1.0,330.5,330.0,142.0,158.0,161.0,199.0,50.2,49.8,1.1,10.8,9.7,67.0,284.0,170.0,330.0,183.0,64.0,64.0
2.0,306.2,637.0,163.0,167.0,164.0,192.0,51.7,48.3,1.21,10.4,8.3,73.0,286.0,167.0,306.0,183.0,64.0,64.0
3.0,317.7,954.0,167.0,180.0,164.0,198.0,51.6,48.4,1.18,10.3,8.4,77.0,282.0,171.0,318.0,183.0,64.0,64.0
1.0,377.1,377.0,132.0,149.0,156.0,230.0,52.1,47.9,1.0,11.1,11.2,66.0,337.0,164.0,369.0,183.0,64.0,64.0
2.0,358.3,735.0,153.0,168.0,158.0,222.0,51.4,48.6,1.01,11.7,11.4,78.0,321.0,167.0,358.0,183.0,64.0,64.0
3.0,367.8,1103.0,155.0,166.0,160.0,223.0,52.0,48.0,1.04,11.0,10.4,80.0,332.0,165.0,368.0,183.0,64.0,64.0
1.0,245.7,245.0,141.0,174.0,164.0,190.0,52.5,47.5,1.46,10.7,7.4,48.0,228.0,170.0,245.0,183.0,64.0,64.0
2.0,240.8,486.0,180.0,187.0,168.0,186.0,52.1,47.9,1.5,10.2,6.6,63.0,227.0,172.0,241.0,183.0,64.0,64.0
3.0,197.8,684.0,190.0,195.0,176.0,174.0,57.4,42.6,1.71,9.2,5.2,56.0,182.0,186.0,198.0,183.0,64.0,64.0
1.0,240.2,240.0,147.0,171.0,165.0,179.0,51.2,48.8,1.5,11.1,7.5,50.0,221.0,169.0,240.0,183.0,64.0,64.0
2.0,236.2,476.0,178.0,184.0,165.0,183.0,50.9,49.1,1.54,11.4,7.2,61.0,224.0,170.0,236.0,183.0,64.0,64.0
3.0,197.2,674.0,186.0,191.0,173.0,167.0,56.0,44.0,1.77,10.1,5.5,54.0,186.0,178.0,197.0,183.0,64.0,64.0
1.0,242.2,242.0,157.0,174.0,164.0,173.0,51.6,48.4,1.48,11.4,7.9,55.0,223.0,168.0,242.0,183.0,64.0,64.0
2.0,248.9,491.0,170.0,181.0,166.0,180.0,53.1,46.9,1.41,11.3,7.8,62.0,235.0,171.0,249.0,183.0,64.0,64.0
3.0,250.2,741.0,168.0,178.0,167.0,194.0,52.3,47.7,1.42,11.0,7.9,61.0,231.0,176.0,249.0,183.0,64.0,64.0
1.0,241.9,241.0,147.0,179.0,166.0,190.0,51.3,48.7,1.47,10.0,7.0,51.0,234.0,175.0,239.0,183.0,64.0,64.0
2.0,244.0,485.0,171.0,181.0,167.0,191.0,52.3,47.7,1.52,9.7,6.2,61.0,226.0,171.0,237.0,183.0,64.0,64.0
3.0,241.5,727.0,167.0,172.0,167.0,193.0,51.1,48.9,1.52,9.9,6.3,58.0,231.0,173.0,237.0,183.0,64.0,64.0
1.0,261.5,261.0,143.0,159.0,163.0,188.0,49.6,50.4,1.44,10.9,7.3,55.0,207.0,171.0,255.0,183.0,64.0,64.0
2.0,247.6,509.0,163.0,173.0,164.0,190.0,50.9,49.1,1.5,10.9,7.0,61.0,222.0,170.0,247.0,183.0,64.0,64.0
3.0,240.7,750.0,161.0,171.0,163.0,190.0,51.6,48.4,1.49,11.5,7.5,58.0,230.0,169.0,240.0,183.0,64.0,64.0
1.0,302.5,302.0,152.0,166.0,162.0,197.0,51.7,48.3,1.26,10.9,8.6,69.0,278.0,165.0,302.0,183.0,64.0,64.0
2.0,286.5,589.0,161.0,168.0,163.0,197.0,52.6,47.4,1.29,10.9,8.2,70.0,273.0,165.0,287.0,183.0,64.0,64.0
3.0,293.8,883.0,164.0,173.0,164.0,196.0,52.8,47.3,1.28,10.7,8.2,72.0,273.0,165.0,293.0,183.0,64.0,64.0
2.0,237.2,478.0,174.0,186.0,171.0,196.0,51.7,48.3,1.48,10.3,6.7,62.0,233.0,175.0,236.0,183.0,64.0,64.0
3.0,235.4,714.0,184.0,186.0,171.0,194.0,52.6,47.4,1.51,10.1,6.4,65.0,221.0,175.0,234.0,183.0,64.0,64.0
2.0,240.4,472.0,160.0,171.0,169.0,197.0,49.7,50.3,1.51,9.8,6.2,58.0,235.0,172.0,237.0,183.0,64.0,64.0
3.0,239.9,712.0,167.0,173.0,169.0,200.0,49.8,50.2,1.51,9.9,6.4,60.0,230.0,171.0,236.0,183.0,64.0,64.0
1.0,228.9,228.0,150.0,175.0,170.0,184.0,51.1,48.9,1.55,9.6,6.2,50.0,197.0,188.0,226.0,183.0,64.0,64.0
2.0,229.2,458.0,171.0,179.0,170.0,183.0,51.2,48.8,1.58,9.7,5.9,59.0,222.0,173.0,224.0,183.0,64.0,64.0
3.0,229.3,687.0,176.0,181.0,170.0,184.0,52.1,47.9,1.55,9.7,6.0,61.0,225.0,173.0,227.0,183.0,64.0,64.0
1.0,178.2,178.0,159.0,187.0,186.0,165.0,55.3,44.7,1.76,6.9,4.3,42.0,159.0,206.0,176.0,183.0,64.0,64.0
1.0,206.3,206.0,158.0,179.0,172.0,175.0,53.3,46.7,1.71,8.9,5.0,47.0,193.0,179.0,201.0,183.0,64.0,64.0
2.0,208.5,414.0,175.0,182.0,176.0,179.0,55.1,44.9,1.69,8.8,4.9,54.0,195.0,179.0,203.0,183.0,64.0,64.0
3.0,209.1,624.0,177.0,182.0,176.0,179.0,54.7,45.3,1.68,8.7,4.9,55.0,201.0,179.0,203.0,183.0,64.0,64.0
1.0,205.9,205.0,141.0,153.0,175.0,184.0,57.5,42.5,1.69,9.0,5.6,41.0,192.0,180.0,203.0,183.0,64.0,64.0
2.0,209.6,415.0,165.0,176.0,174.0,186.0,58.1,41.9,1.7,9.1,5.1,51.0,200.0,177.0,203.0,183.0,64.0,64.0
3.0,211.5,627.0,187.0,193.0,174.0,188.0,57.6,42.4,1.66,8.9,5.1,59.0,197.0,176.0,207.0,183.0,64.0,64.0
1.0,173.7,173.0,151.0,169.0,188.0,196.0,50.4,49.6,1.89,8.4,4.5,37.0,167.0,199.0,170.0,183.0,64.0,64.0
1.0,175.2,175.0,187.0,197.0,189.0,187.0,49.7,50.3,1.83,8.0,4.2,49.0,168.0,194.0,170.0,183.0,64.0,64.0
1.0,280.2,280.0,144.0,159.0,159.0,209.0,49.2,50.8,1.3,11.2,8.7,57.0,262.0,162.0,280.0,183.0,64.0,64.0
2.0,279.6,559.0,153.0,165.0,160.0,210.0,49.0,51.0,1.31,11.1,8.4,61.0,259.0,166.0,279.0,183.0,64.0,64.0
3.0,271.8,832.0,160.0,164.0,161.0,208.0,49.8,50.3,1.34,11.2,8.1,64.0,263.0,165.0,271.0,183.0,64.0,64.0
1.0,329.9,329.0,139.0,160.0,161.0,230.0,50.3,49.7,1.16,10.6,8.9,63.0,270.0,172.0,321.0,183.0,64.0,64.0
2.0,298.3,628.0,151.0,165.0,159.0,230.0,49.8,50.2,1.22,11.0,8.8,65.0,282.0,166.0,298.0,183.0,64.0,64.0
3.0,313.4,942.0,132.0,163.0,159.0,231.0,50.1,49.9,1.19,10.9,9.3,48.0,278.0,168.0,307.0,183.0,64.0,64.0
1.0,301.1,301.0,141.0,154.0,156.0,214.0,50.6,49.4,1.28,11.5,8.8,59.0,283.0,162.0,301.0,183.0,64.0,64.0
2.0,283.5,584.0,161.0,167.0,161.0,207.0,50.1,49.9,1.32,10.9,8.0,66.0,256.0,165.0,283.0,183.0,64.0,64.0
3.0,271.9,856.0,162.0,166.0,159.0,207.0,50.2,49.8,1.39,11.4,8.0,64.0,265.0,163.0,271.0,183.0,64.0,64.0
1.0,257.4,257.0,155.0,169.0,162.0,204.0,49.4,50.6,1.38,11.6,8.5,57.0,227.0,168.0,255.0,183.0,64.0,64.0
2.0,238.2,495.0,171.0,186.0,169.0,186.0,49.8,50.2,1.51,10.4,6.6,58.0,205.0,183.0,238.0,183.0,64.0,64.0
3.0,237.1,733.0,184.0,189.0,168.0,203.0,49.9,50.1,1.48,10.2,6.7,63.0,225.0,186.0,236.0,183.0,64.0,64.0
1.0,304.9,304.0,133.0,153.0,158.0,224.0,50.8,49.2,1.27,11.3,8.8,53.0,232.0,163.0,295.0,183.0,64.0,64.0
2.0,291.4,596.0,162.0,173.0,156.0,222.0,50.6,49.4,1.29,11.7,8.8,67.0,270.0,161.0,290.0,183.0,64.0,64.0
3.0,281.7,878.0,166.0,176.0,157.0,219.0,50.6,49.4,1.37,11.6,8.3,67.0,197.0,164.0,282.0,183.0,64.0,64.0
1.0,238.5,238.0,163.0,186.0,167.0,206.0,49.8,50.2,1.55,10.2,6.4,54.0,88.0,183.0,234.0,183.0,64.0,64.0
2.0,240.4,478.0,186.0,187.0,167.0,218.0,49.5,50.5,1.52,10.0,6.3,64.0,230.0,172.0,238.0,183.0,64.0,64.0
3.0,241.5,720.0,186.0,188.0,166.0,218.0,49.7,50.3,1.52,10.0,6.3,64.0,234.0,172.0,240.0,183.0,64.0,64.0
1.0,261.6,4.0,150.0,164.0,155.0,203.0,50.8,49.2,1.47,12.9,8.8,55.0,254.0,159.0,261.0,185.0,62.0,61.0
2.0,255.3,517.0,168.0,172.0,155.0,203.0,50.3,49.7,1.5,12.8,8.3,61.0,241.0,159.0,255.0,185.0,62.0,61.0
3.0,259.6,3420.0,171.0,178.0,155.0,206.0,50.3,49.7,1.5,12.6,8.2,63.0,243.0,158.0,260.0,185.0,62.0,61.0
1.0,256.6,256.0,135.0,163.0,155.0,206.0,50.5,49.5,1.42,12.4,8.8,45.0,245.0,162.0,247.0,185.0,62.0,61.0
2.0,255.0,511.0,158.0,176.0,156.0,200.0,50.4,49.6,1.46,12.6,8.6,57.0,243.0,162.0,255.0,185.0,62.0,61.0
3.0,253.3,2700.0,165.0,181.0,156.0,198.0,50.4,49.6,1.42,12.1,9.0,59.0,240.0,164.0,245.0,185.0,62.0,61.0
1.0,263.9,4.0,147.0,167.0,154.0,199.0,50.0,50.0,1.46,13.2,9.1,53.0,220.0,163.0,263.0,185.0,62.0,61.0
2.0,262.7,8.0,166.0,173.0,154.0,201.0,50.1,49.9,1.47,13.3,8.8,61.0,241.0,158.0,262.0,185.0,62.0,61.0
3.0,255.9,782.0,172.0,175.0,155.0,199.0,50.2,49.8,1.54,13.0,8.2,61.0,240.0,158.0,256.0,185.0,62.0,61.0
1.0,283.5,283.0,131.0,145.0,155.0,216.0,50.4,49.6,1.35,12.4,9.0,47.0,260.0,162.0,280.0,185.0,62.0,61.0
2.0,279.7,563.0,154.0,168.0,154.0,212.0,50.3,49.7,1.29,12.7,10.1,59.0,269.0,160.0,275.0,185.0,62.0,61.0
3.0,275.1,3480.0,156.0,167.0,155.0,208.0,50.2,49.8,1.31,12.4,9.7,59.0,250.0,160.0,270.0,185.0,62.0,61.0
1.0,273.7,4.0,130.0,160.0,154.0,214.0,50.9,49.1,1.33,12.7,10.2,44.0,255.0,177.0,262.0,185.0,62.0,61.0
2.0,266.1,9.0,150.0,163.0,154.0,206.0,50.2,49.8,1.44,13.0,9.0,54.0,248.0,160.0,263.0,185.0,62.0,61.0
3.0,265.1,805.0,165.0,172.0,154.0,203.0,50.8,49.2,1.41,12.8,9.5,60.0,243.0,160.0,259.0,185.0,62.0,61.0
1.0,257.2,4.0,126.0,151.0,153.0,200.0,50.3,49.7,1.39,13.4,10.5,39.0,242.0,160.0,247.0,185.0,62.0,61.0
2.0,261.2,8.0,157.0,174.0,154.0,200.0,50.8,49.2,1.45,13.7,9.5,55.0,255.0,159.0,261.0,185.0,62.0,61.0
3.0,259.7,778.0,143.0,168.0,155.0,198.0,50.0,50.0,1.37,12.9,9.7,44.0,236.0,172.0,246.0,185.0,62.0,61.0
1.0,261.1,261.0,143.0,156.0,155.0,192.0,50.8,49.3,1.46,13.4,9.1,50.0,250.0,160.0,261.0,185.0,62.0,61.0
2.0,270.1,531.0,164.0,178.0,154.0,195.0,50.4,49.6,1.46,13.5,9.0,60.0,245.0,156.0,270.0,185.0,62.0,61.0
3.0,261.3,780.0,164.0,178.0,156.0,198.0,50.3,49.7,1.47,12.9,8.7,57.0,246.0,162.0,261.0,185.0,62.0,61.0
1.0,278.8,278.0,136.0,156.0,151.0,215.0,50.5,49.5,1.37,13.5,10.0,48.0,266.0,157.0,276.0,185.0,62.0,61.0
2.0,276.6,555.0,151.0,162.0,153.0,207.0,50.2,49.8,1.39,13.6,9.4,55.0,260.0,160.0,270.0,185.0,62.0,61.0
3.0,284.0,3540.0,158.0,168.0,154.0,215.0,50.7,49.3,1.34,12.9,9.6,60.0,266.0,158.0,283.0,185.0,62.0,61.0
1.0,399.4,399.0,141.0,154.0,154.0,241.0,49.9,50.1,0.96,12.1,13.0,72.0,326.0,161.0,395.0,185.0,62.0,61.0
2.0,314.0,3180.0,154.0,165.0,153.0,218.0,49.9,50.1,1.25,12.8,10.1,65.0,290.0,157.0,313.0,185.0,62.0,61.0
3.0,270.9,1440.0,170.0,179.0,154.0,209.0,50.1,49.9,1.43,12.9,8.8,61.0,261.0,159.0,270.0,185.0,62.0,61.0
1.0,274.1,274.0,149.0,168.0,155.0,197.0,50.5,49.5,1.4,12.9,9.1,53.0,248.0,163.0,274.0,185.0,62.0,61.0
2.0,267.1,541.0,171.0,177.0,156.0,192.0,50.5,49.5,1.44,12.8,8.6,60.0,250.0,161.0,266.0,185.0,62.0,61.0
3.0,270.4,812.0,174.0,180.0,155.0,198.0,50.2,49.8,1.45,12.5,8.8,61.0,240.0,163.0,270.0,185.0,62.0,61.0
1.0,306.5,306.0,149.0,168.0,153.0,219.0,49.8,50.2,1.24,12.7,10.0,62.0,282.0,158.0,303.0,185.0,62.0,61.0
2.0,290.3,596.0,163.0,175.0,154.0,220.0,50.0,50.0,1.35,12.7,9.1,62.0,268.0,158.0,290.0,185.0,62.0,61.0
3.0,280.4,877.0,161.0,167.0,156.0,215.0,50.1,49.9,1.37,12.5,8.9,60.0,266.0,159.0,280.0,185.0,62.0,61.0
1.0,281.3,281.0,145.0,166.0,153.0,202.0,51.0,49.0,1.36,13.4,9.8,55.0,263.0,159.0,276.0,185.0,62.0,61.0
2.0,279.8,561.0,170.0,179.0,151.0,199.0,50.6,49.4,1.42,14.1,9.7,63.0,246.0,154.0,279.0,185.0,62.0,61.0
3.0,267.1,828.0,177.0,183.0,155.0,202.0,50.3,49.7,1.45,13.2,8.9,61.0,256.0,160.0,267.0,185.0,62.0,61.0
1.0,276.0,276.0,166.0,178.0,154.0,199.0,51.4,48.6,1.4,13.4,9.6,58.0,251.0,159.0,270.0,185.0,62.0,61.0
2.0,276.0,552.0,177.0,187.0,154.0,198.0,50.8,49.2,1.39,13.4,9.5,63.0,259.0,158.0,276.0,185.0,62.0,61.0
3.0,263.8,816.0,176.0,179.0,155.0,203.0,50.4,49.6,1.48,12.9,8.7,61.0,250.0,164.0,264.0,185.0,62.0,61.0
1.0,279.1,279.0,141.0,159.0,156.0,209.0,50.5,49.5,1.37,12.1,8.9,53.0,244.0,165.0,274.0,185.0,62.0,61.0
2.0,272.6,551.0,144.0,162.0,157.0,207.0,50.5,49.5,1.41,12.3,8.5,53.0,243.0,163.0,273.0,185.0,62.0,61.0
3.0,280.7,832.0,164.0,176.0,158.0,204.0,50.3,49.7,1.38,12.3,8.6,62.0,265.0,163.0,280.0,185.0,62.0,61.0
1.0,283.0,283.0,140.0,161.0,152.0,210.0,49.8,50.2,1.37,13.0,9.6,54.0,271.0,157.0,277.0,185.0,62.0,61.0
2.0,282.5,565.0,161.0,167.0,153.0,208.0,50.1,49.9,1.39,13.2,9.3,59.0,266.0,155.0,282.0,185.0,62.0,61.0
3.0,274.7,840.0,166.0,178.0,155.0,209.0,50.0,50.0,1.4,12.6,9.0,61.0,261.0,159.0,275.0,185.0,62.0,61.0
2.0,260.2,530.0,167.0,178.0,155.0,202.0,50.4,49.6,1.45,12.7,8.7,57.0,236.0,160.0,260.0,185.0,62.0,61.0
3.0,265.9,796.0,177.0,181.0,154.0,206.0,50.5,49.5,1.4,12.7,8.9,61.0,249.0,159.0,266.0,185.0,62.0,61.0
1.0,295.8,295.0,141.0,171.0,153.0,204.0,50.9,49.1,1.31,13.1,10.0,59.0,280.0,158.0,296.0,185.0,62.0,61.0
2.0,296.7,592.0,154.0,169.0,151.0,205.0,50.4,49.6,1.3,13.6,10.3,62.0,263.0,160.0,295.0,185.0,62.0,61.0
3.0,292.8,885.0,168.0,174.0,152.0,205.0,50.2,49.8,1.35,13.5,9.9,63.0,268.0,157.0,293.0,185.0,62.0,61.0
1.0,312.1,312.0,160.0,178.0,156.0,226.0,50.1,49.9,1.22,12.0,9.6,64.0,278.0,162.0,306.0,185.0,62.0,61.0
2.0,288.9,601.0,175.0,181.0,156.0,220.0,50.4,49.6,1.33,12.2,8.9,64.0,277.0,159.0,289.0,185.0,62.0,61.0
3.0,278.7,880.0,172.0,183.0,157.0,215.0,50.5,49.5,1.38,12.2,8.6,63.0,266.0,162.0,279.0,185.0,62.0,61.0
1.0,290.0,290.0,164.0,183.0,155.0,201.0,50.3,49.8,1.3,12.6,9.3,63.0,248.0,160.0,290.0,185.0,62.0,61.0
2.0,278.6,568.0,173.0,184.0,154.0,201.0,50.3,49.7,1.4,12.8,9.0,63.0,241.0,158.0,279.0,185.0,62.0,61.0
3.0,282.3,851.0,175.0,190.0,156.0,210.0,50.1,49.9,1.37,12.3,8.8,64.0,233.0,160.0,282.0,185.0,62.0,61.0
1.0,274.1,274.0,149.0,168.0,155.0,197.0,50.5,49.5,1.4,12.9,9.1,53.0,248.0,163.0,274.0,185.0,62.0,61.0
2.0,267.1,541.0,171.0,177.0,156.0,192.0,50.5,49.5,1.44,12.8,8.6,60.0,250.0,161.0,266.0,185.0,62.0,61.0
3.0,270.4,812.0,174.0,180.0,155.0,198.0,50.2,49.8,1.45,12.5,8.8,61.0,240.0,163.0,270.0,185.0,62.0,61.0
1.0,306.5,306.0,149.0,168.0,153.0,219.0,49.8,50.2,1.24,12.7,10.0,62.0,282.0,158.0,303.0,185.0,62.0,61.0
2.0,290.3,596.0,163.0,175.0,154.0,220.0,50.0,50.0,1.35,12.7,9.1,62.0,268.0,158.0,290.0,185.0,62.0,61.0
3.0,280.4,877.0,161.0,167.0,156.0,215.0,50.1,49.9,1.37,12.5,8.9,60.0,266.0,159.0,280.0,185.0,62.0,61.0
1.0,287.3,287.0,160.0,169.0,154.0,208.0,50.3,49.8,1.32,13.0,10.1,59.0,265.0,160.0,286.0,185.0,62.0,61.0
2.0,289.6,576.0,170.0,172.0,154.0,210.0,50.2,49.8,1.32,13.0,9.6,64.0,278.0,157.0,289.0,185.0,62.0,61.0
3.0,281.0,858.0,174.0,178.0,154.0,207.0,50.3,49.7,1.34,13.1,9.6,63.0,274.0,158.0,281.0,185.0,62.0,61.0
1.0,293.2,293.0,139.0,151.0,153.0,204.0,50.3,49.7,1.32,13.4,10.9,54.0,278.0,159.0,290.0,185.0,62.0,61.0
3.0,307.3,860.0,158.0,164.0,155.0,212.0,50.1,49.9,1.26,12.7,9.9,61.0,299.0,159.0,307.0,185.0,62.0,61.0
1.0,284.1,284.0,137.0,151.0,151.0,220.0,49.9,50.1,1.4,13.0,9.3,56.0,251.0,159.0,278.0,185.0,62.0,61.0
2.0,292.7,576.0,145.0,154.0,150.0,216.0,49.8,50.2,1.35,13.0,9.6,56.0,267.0,158.0,291.0,185.0,62.0,61.0
3.0,276.4,853.0,154.0,168.0,152.0,211.0,50.2,49.8,1.43,13.4,9.2,56.0,254.0,156.0,276.0,185.0,62.0,61.0
1.0,266.6,266.0,157.0,170.0,154.0,203.0,50.3,49.7,1.44,13.0,8.8,59.0,255.0,158.0,267.0,185.0,62.0,61.0
2.0,262.5,529.0,169.0,174.0,156.0,204.0,50.4,49.6,1.48,12.7,8.3,59.0,252.0,159.0,262.0,185.0,62.0,61.0
3.0,298.7,828.0,166.0,173.0,155.0,219.0,50.1,49.9,1.3,12.4,9.3,62.0,277.0,159.0,299.0,185.0,62.0,61.0
1.0,267.7,267.0,152.0,165.0,155.0,198.0,51.0,49.0,1.42,12.9,8.8,58.0,256.0,163.0,262.0,185.0,62.0,61.0
2.0,272.0,539.0,164.0,168.0,154.0,197.0,50.6,49.4,1.44,13.3,9.0,59.0,259.0,158.0,272.0,185.0,62.0,61.0
3.0,276.9,817.0,167.0,174.0,154.0,198.0,50.3,49.7,1.41,13.3,9.2,60.0,259.0,158.0,277.0,185.0,62.0,61.0
1.0,249.3,249.0,156.0,170.0,157.0,186.0,51.0,49.0,1.52,13.3,8.4,58.0,219.0,168.0,249.0,185.0,62.0,61.0
2.0,258.1,507.0,167.0,175.0,157.0,195.0,50.5,49.5,1.4,13.4,9.4,57.0,252.0,161.0,258.0,185.0,62.0,61.0
3.0,254.8,762.0,171.0,176.0,157.0,194.0,49.9,50.1,1.48,13.4,8.8,58.0,237.0,161.0,255.0,185.0,62.0,61.0
1.0,268.7,268.0,142.0,161.0,154.0,208.0,51.2,48.8,1.42,13.2,9.2,52.0,244.0,162.0,262.0,185.0,62.0,61.0
2.0,271.9,540.0,158.0,163.0,153.0,208.0,50.6,49.4,1.46,13.6,9.1,59.0,255.0,160.0,272.0,185.0,62.0,61.0
3.0,278.0,819.0,162.0,166.0,153.0,218.0,50.3,49.8,1.41,13.0,9.2,61.0,265.0,163.0,278.0,185.0,62.0,61.0
1.0,283.8,283.0,158.0,170.0,154.0,195.0,50.2,49.8,1.39,13.4,9.6,60.0,247.0,162.0,280.0,185.0,62.0,61.0
2.0,267.1,550.0,176.0,182.0,157.0,192.0,50.2,49.8,1.43,12.8,8.7,63.0,247.0,161.0,267.0,185.0,62.0,61.0
3.0,282.4,833.0,168.0,178.0,155.0,205.0,50.3,49.7,1.38,12.7,9.2,62.0,248.0,159.0,275.0,185.0,62.0,61.0
1.0,243.1,243.0,148.0,166.0,157.0,184.0,51.7,48.3,1.55,12.9,8.4,55.0,217.0,163.0,243.0,185.0,62.0,61.0
2.0,244.0,487.0,164.0,173.0,156.0,185.0,50.6,49.4,1.55,13.1,8.2,52.0,230.0,161.0,244.0,185.0,62.0,61.0
3.0,244.3,731.0,175.0,181.0,157.0,191.0,50.5,49.5,1.57,13.1,8.2,58.0,218.0,161.0,244.0,185.0,62.0,61.0
1.0,283.5,283.0,143.0,161.0,149.0,204.0,50.0,50.0,1.4,13.8,9.8,55.0,243.0,159.0,283.0,185.0,62.0,61.0
2.0,282.6,566.0,163.0,168.0,150.0,201.0,50.0,50.0,1.4,14.1,9.8,61.0,258.0,153.0,282.0,185.0,62.0,61.0
3.0,272.9,839.0,170.0,174.0,152.0,204.0,50.2,49.8,1.47,13.6,9.0,62.0,251.0,157.0,273.0,185.0,62.0,61.0
1.0,272.7,272.0,141.0,165.0,152.0,198.0,50.7,49.3,1.43,13.7,9.7,53.0,250.0,159.0,267.0,185.0,62.0,61.0
2.0,272.5,545.0,171.0,176.0,151.0,191.0,50.4,49.6,1.45,14.2,9.5,60.0,256.0,154.0,273.0,185.0,62.0,61.0
3.0,268.6,814.0,177.0,186.0,153.0,194.0,50.3,49.7,1.46,13.8,9.2,61.0,261.0,157.0,268.0,185.0,62.0,61.0
1.0,271.6,271.0,137.0,158.0,152.0,222.0,50.1,49.9,1.42,13.5,11.0,49.0,246.0,159.0,266.0,185.0,62.0,61.0
2.0,271.7,543.0,165.0,170.0,153.0,220.0,50.3,49.7,1.38,13.5,9.7,59.0,255.0,160.0,272.0,185.0,62.0,61.0
3.0,283.9,827.0,163.0,172.0,151.0,216.0,49.8,50.2,1.27,12.7,12.0,62.0,236.0,160.0,281.0,185.0,62.0,61.0
1.0,291.6,291.0,137.0,158.0,147.0,196.0,50.0,50.0,0.55,14.1,25.9,59.0,268.0,156.0,277.0,185.0,62.0,61.0
2.0,271.8,563.0,168.0,177.0,150.0,192.0,50.3,49.7,1.17,14.6,15.9,60.0,253.0,153.0,271.0,185.0,62.0,61.0
3.0,269.3,833.0,175.0,183.0,152.0,194.0,50.4,49.6,1.47,14.2,9.4,61.0,260.0,158.0,269.0,185.0,62.0,61.0
1.0,294.0,294.0,152.0,168.0,153.0,218.0,50.0,50.0,1.15,13.1,13.0,58.0,263.0,161.0,293.0,185.0,62.0,61.0
2.0,272.6,566.0,173.0,177.0,154.0,208.0,50.4,49.6,1.4,13.4,9.4,60.0,254.0,158.0,273.0,185.0,62.0,61.0
3.0,269.8,836.0,179.0,181.0,156.0,210.0,50.2,49.8,1.34,12.7,9.4,62.0,243.0,161.0,269.0,185.0,62.0,61.0
1.0,249.2,249.0,177.0,185.0,158.0,197.0,50.4,49.6,1.18,12.9,11.2,57.0,221.0,165.0,249.0,185.0,62.0,61.0
2.0,249.9,499.0,186.0,187.0,157.0,199.0,50.3,49.7,1.4,13.0,9.0,60.0,221.0,161.0,250.0,185.0,62.0,61.0
3.0,254.3,753.0,187.0,190.0,158.0,206.0,50.1,49.9,1.37,12.3,8.8,61.0,240.0,164.0,254.0,185.0,62.0,61.0
1.0,311.8,311.0,144.0,154.0,153.0,230.0,49.5,50.5,1.24,12.5,9.9,58.0,291.0,161.0,311.0,185.0,62.0,61.0
2.0,310.7,622.0,159.0,178.0,151.0,229.0,49.7,50.3,1.24,13.0,10.3,62.0,294.0,156.0,310.0,185.0,62.0,61.0
3.0,297.3,920.0,177.0,182.0,154.0,233.0,49.9,50.1,1.31,12.2,9.1,65.0,269.0,160.0,297.0,185.0,62.0,61.0
1.0,300.9,300.0,146.0,168.0,150.0,217.0,50.1,49.9,1.36,13.4,9.6,59.0,288.0,155.0,301.0,185.0,62.0,61.0
2.0,301.6,603.0,170.0,173.0,151.0,216.0,50.4,49.6,1.29,13.3,10.1,64.0,285.0,156.0,301.0,185.0,62.0,61.0
3.0,312.4,915.0,168.0,175.0,149.0,223.0,50.1,49.9,1.11,11.7,11.2,64.0,276.0,158.0,312.0,185.0,62.0,61.0
1.0,290.0,290.0,149.0,161.0,152.0,197.0,50.1,49.9,1.33,13.9,10.9,59.0,256.0,158.0,290.0,185.0,62.0,61.0
2.0,298.6,588.0,169.0,175.0,151.0,197.0,50.0,50.0,1.31,14.3,10.7,61.0,278.0,156.0,298.0,185.0,62.0,61.0
3.0,295.8,884.0,168.0,175.0,153.0,201.0,49.8,50.2,1.22,13.8,13.0,62.0,283.0,159.0,295.0,185.0,62.0,61.0
1.0,290.8,290.0,155.0,176.0,151.0,215.0,49.5,50.5,0.79,13.0,21.5,55.0,263.0,163.0,290.0,185.0,62.0,61.0
2.0,305.3,596.0,176.0,181.0,152.0,218.0,49.8,50.2,1.3,13.0,9.8,65.0,284.0,155.0,304.0,185.0,62.0,61.0
3.0,301.3,897.0,170.0,183.0,154.0,223.0,49.8,50.2,1.18,12.3,11.1,63.0,290.0,159.0,301.0,185.0,62.0,61.0
1.0,303.6,303.0,148.0,175.0,151.0,218.0,50.0,50.0,1.16,13.1,12.8,61.0,289.0,156.0,298.0,185.0,62.0,61.0
2.0,331.5,635.0,171.0,185.0,149.0,222.0,50.2,49.8,1.14,12.1,11.1,68.0,298.0,157.0,332.0,185.0,62.0,61.0
3.0,300.8,936.0,181.0,186.0,152.0,222.0,50.2,49.8,1.31,13.0,9.6,65.0,293.0,156.0,301.0,185.0,62.0,61.0
